,Name,Beschreibung,Thema (about),Veröffentlichungsdatum (Date Published),Beschrieben bei (described at URL),Betreut durch (maintained by),Verwendet von (used by),Quellcode Repositorium,Bildungsstufe (educational stage),Schnittstelle,Datenmodell (complies with),Dateiformat,Downloadlink ttl,Downloadlink json,rawVocab,ID,Type,Notizen,"für Attribute (nicht sinnvoll, lieber about)",Autor,wo gefunden,
active,name,description,about,issued,described_at,maintained_by,used_by,repo,educational_stage,,complies_with,format,contentUrl,contentUrl,rawVocab,id,type,,,,,
,https://schema.org/name,https://schema.org/description,https://schema.org/about,http://purl.org/dc/terms/issued,http://www.wikidata.org/prop/direct/P973,http://www.wikidata.org/prop/direct/P126,http://www.wikidata.org/prop/direct/P1535,http://www.wikidata.org/prop/direct/P1324,http://www.wikidata.org/prop/direct/P7374,,http://www.wikidata.org/prop/direct/P5009,http://www.wikidata.org/prop/direct/P2701,https://schema.org/contentUrl,https://schema.org/contentUrl,https://eduvocs/rawVocab,id,http://www.w3.org/1999/02/22-rdf-syntax-ns#type,,,,,
,Schulfächer,Werteliste von Fächern im Schulbereich.,Fach- und Themenzuordnung,2021-03-03,http://w3id.org/kim/schulfaecher/,DINI-AG-KIM,,https://github.com/dini-ag-kim/schulfaecher,Schule,,SKOS,Turtle,https://raw.githubusercontent.com/dini-ag-kim/schulfaecher/refs/heads/main/schulfaecher.ttl,http://w3id.org/kim/schulfaecher/index.json,,1,http://www.wikidata.org/entity/Q1469824,,about,,,
,Schulfächer,Werteliste von Fächern im Schulbereich.,Fach- und Themenzuordnung,2020-04-08,http://w3id.org/openeduhub/vocabs/discipline/,WirLernenOnline,,https://github.com/openeduhub/oeh-metadata-vocabs,Schule,,SKOS,Turtle,https://raw.githubusercontent.com/openeduhub/oeh-metadata-vocabs/refs/heads/master/discipline.ttl,https://w3id.org/openeduhub/vocabs/discipline/index.json,,2,http://www.wikidata.org/entity/Q1469825,,about,,,
,Schulfächer,,Fach- und Themenzuordnung,,https://vocabs.sodix.de/index.html,FWU,,,Schule,,,,,,,3,http://www.wikidata.org/entity/Q1469826,,about,,,
,Schulfächer,Fächer und Themen bei digital learning tools.,Fach- und Themenzuordnung,,https://digitallearningtools.de/api/subjects?q=,Digital Learning Tools,,,Schule,https://digitallearningtools.de/api/subjects?q=,Web-API,Json,,,"Arbeit und Beruf
Bildende Kunst
Biologie
Chemie
Deutsch
Deutsch als Zweitsprache
Englisch
Französisch
Fremdsprachen
Geographie
Geschichte
Gesellschaft
Informatik
Latein
Mathematik
Medien
Musik
Naturwissenschaft und Technik
Niederdeutsch
Philosophie
Physik
Politik/Gesellschaft/Wirtschaft
Religion
Sachunterricht
Spanisch
Sport
Theater ​
​",4,http://www.wikidata.org/entity/Q1469827,kein SKOS Vokabular,about,,,"hello
  zweite Ebene"
,EUN Fächer Werte,Dieses Wörterverzeichnis ist eine Unterliste des LRE Thesaurus.,Fach- und Themenzuordnung,,http://europeanschoolnet-vbe.lexaurus.net/vbe/browse,European Schoolnet Vocabulary Bank for Education (VBE),,,Schule,http://europeanschoolnet-vbe.lexaurus.net/vbe/linkeddata/vocab/EUN/EUN.subjectLREValues.skos,SKOS,XML,,,,5,http://www.wikidata.org/entity/Q1469828,kein SKOS Vokabular; noch mit aufnehmen oder veraltet?;,about,,,
,Verzeichnis der Ausbildungsberufe,"Das Verzeichnis führt alle 327 anerkannten Ausbildungsberufe in Industrie und Handwerk, im öffentlichen Dienst, in der Hauswirtschaft, der Landwirtschaft, der Seeschifffahrt und in den freien Berufen auf. Zum Ausbildungsbeginn 2022 traten zwei neue Berufe – Binnenschifffahrtskapitän/-in und Fachkraft Küche – und zwölf modernisierte Ausbildungsberufe in Kraft. Zu allen Berufen sind hier u.a. Ausbildungsdauer, Rechtsgrundlagen, Wahlqualifikationen oder Schwerpunkte sowie die Zuordnung zum Deutschen Qualifikationsrahmen (DQR) verzeichnet. Der statistische Teil liefert Angaben zur Anzahl und zur quantitativen Entwicklung der Ausbildungsberufe sowie zur Zahl der Auszubildenden seit 1970. Das Verzeichnis wird seit 1977 vom Bundesinstitut für Berufsbildung herausgegeben und erscheint jährlich. ",Fach- und Themenzuordnung,2023-03-01,https://www.bibb.de/dienst/publikationen/de/19128,Bundesinstitut für Berufsbildung,,,Ausbildung,,,PDF,,,,6,http://www.wikidata.org/entity/Q1469829,kein SKOS Vokabular,about,,,
,Hochschulfächersystematik,"Diese SKOS-Klassifikation basiert auf der Destatis-""Systematik der Fächergruppen, Studienbereiche und Studienfächer"".",Fach- und Themenzuordnung,2019-12-11,https://w3id.org/kim/hochschulfaechersystematik/scheme,DINI-AG-KIM,,,Hochschule,,SKOS,Turtle,https://raw.githubusercontent.com/dini-ag-kim/hochschulfaechersystematik/refs/heads/master/hochschulfaechersystematik.ttl,https://w3id.org/kim/hochschulfaechersystematik/scheme.json,,7,http://www.wikidata.org/entity/Q1469830,,about,,,
,ELIXIER-Systematik,Systematik des Bildungsservers.,Fach- und Themenzuordnung,,https://web.archive.org/web/20221006161235/https://www.bildungsserver.de/elixier/elixiersystematikliste.php,DIPF,,,Schule,,,Text,,,elixier.txt,8,http://www.wikidata.org/entity/Q1469831,kein SKOS Vokabular,about,,,
,Sachgebietssystematik AG-MUD,Die bundeseinheitliche Sachgebietssystematik ordnet die Medien den wesentlichen Schulfächern und anderen wichtigen Bildungszielen und -bereichen zu. SachgebietssystematikIhre hierarchische Gliederung erlaubt die Selektion und den Ausdruck von Medienlisten und Verzeichnissen mit unterschiedlicher Informationsdichte. Für Medienzentren und Schulen ist sie zur Strukturierung des eigenen Bestands unverzichtbar. Die bundeseinheitliche Sachgebietssystematik wurde in den 1990er Jahren von der AG Mediendistribution und Dokumentation entwickelt und wird ständig aktualisiert.,Fach- und Themenzuordnung,,https://vocabs.sodix.de/sodix/educational/sachgebietssystematik/sachgebietssystematik,SODIX/FWU,,,Schule,,,,,https://vocabs.sodix.de/sodix/educational/sachgebietssystematik/sachgebietssystematik.json,,9,http://www.wikidata.org/entity/Q1469832,basiert auf LOM-EAF,about,,,
,Taxonomie von Lehrplanthemen,Themenbaum von Lehrplanthemen.,Fach- und Themenzuordnung,,http://w3id.org/openeduhub/vocabs/oeh-topics/5e40e372-735c-4b17-bbf7-e827a5702b57,WirLernenOnline,,https://github.com/openeduhub/oeh-metadata-vocabs,Schule,,,,,http://w3id.org/openeduhub/vocabs/oeh-topics/5e40e372-735c-4b17-bbf7-e827a5702b57.json,,10,http://www.wikidata.org/entity/Q1469833,,,,,
,Subjects: Re3Data.org,Themenkatalog der Registry of Research Data Repositories.,Fach- und Themenzuordnung,,https://www.re3data.org/browse/by-subject/,re3data,,,Bildungsbereichsübergreifend,,,,,,re3data.txt,11,http://www.wikidata.org/entity/Q1469834,kein SKOS Vokabular,,,,
,Subjects MARC21,"Library of Congress Subject Headings (LCSH) has been actively maintained since 1898 to catalog materials held at the Library of Congress. By virtue of cooperative cataloging other libraries around the United States also use LCSH to provide subject access to their collections. In addition LCSH is used internationally, often in translation. LCSH in this service includes all Library of Congress Subject Headings, free-floating subdivisions (topical and form), Genre/Form headings, Children's (AC) headings, and validation strings* for which authority records have been created. The content includes a few name headings (personal and corporate), such as William Shakespeare, Jesus Christ, and Harvard University, and geographic headings that are added to LCSH as they are needed to establish subdivisions, provide a pattern for subdivision practice, or provide reference structure for other terms. This content is expanded beyond the print issue of LCSH (the ""red books"") with inclusion of validation strings. *Validation strings: Some authority records are for headings that have been built by adding subdivisions. These records are the result of an ongoing project to programmatically create authority records for valid subject strings from subject heading strings found in bibliographic records. The authority records for these subject strings were created so the entire string could be machine-validated. The strings do not have broader, narrower, or related terms.",Fach- und Themenzuordnung,,http://id.loc.gov/authorities/subjects,Library Of Congress,,,Bildungsbereichsübergreifend,,,,,,,12,http://www.wikidata.org/entity/Q1469835,,,,,
,EuroVoc,Mehrsprachiger und multidisziplinärer Thesaurus der EU,Fach- und Themenzuordnung,,https://eur-lex.europa.eu/browse/eurovoc.html,Europäische Union,,,Bildungsbereichsübergreifend,,,,,,,13,http://www.wikidata.org/entity/Q1469836,,,,,
,UNESCO Thesaurus,"zur thematischen Analyse und Auffinden von Dokumenten anhand multidisziplinärer Terminologie, bspw. auch: Wissenschaftsdisziplinen, u.a. verfügbar als JSON-LD, Turtle, RDF/XML.",Fach- und Themenzuordnung,,https://vocabularies.unesco.org/browser/thesaurus/en/,UNESCO,,,Bildungsbereichsübergreifend,,,,,,,14,http://www.wikidata.org/entity/Q1469837,,,,,
,Wissenschafts-/ Kunstzweige,Vokabular von Wissenschafts- und Kunstzweigen.,Fach- und Themenzuordnung,-,https://voc.uni-ak.ac.at/skosmos/disciplines/de/,Universität für angewandte Kunst Wien,,,Bildungsbereichsübergreifend,,SKOS,Turtle,,,,15,http://www.wikidata.org/entity/Q1469838,,,,,
,Studienrichtungen,Verzeichnis von Studienrichtungen.,Fach- und Themenzuordnung,-,http://base.uni-ak.ac.at/vocabulary/study_programmes,Universität für angewandte Kunst Wien,,,Hochschule,,SKOS,Turtle,,,,16,http://www.wikidata.org/entity/Q1469839,,,,,
,Historische Studienrichtungen,Verzeichnis historischer Studienrichtungen.,Fach- und Themenzuordnung,-,https://voc.uni-ak.ac.at/skosmos/basevoc/en/page/historic_study_programmes,Universität für angewandte Kunst Wien,,https://voc.uni-ak.ac.at/skosmos/rest/v1/basevoc/data?uri=http%3A%2F%2Fbase.uni-ak.ac.at%2Fvocabulary%2Fstudy_programmes&format=text/turtle,Hochschule,,SKOS,Turtle,,,,17,http://www.wikidata.org/entity/Q1469840,,,,,
,"European Skills Competencies, and Occupations (ESCO)",,Fach- und Themenzuordnung,,https://esco.ec.europa.eu/de,Europäische Union,,,Bildungsbereichsübergreifend,,,,,,,18,http://www.wikidata.org/entity/Q1469841,,competencyRequired,,,
,Sprachniveaustufen,", veröffentlicht durch WLO, basierend auf dem Gemeinsamen Europäischen Referenzrahmen für Sprachen (DAAD 2024) (Glaboniat and Europarat 2010) (Trim et al. 2010) / Common European Framework of Reference for Languages (CEFR), herausgegeben vom Europarat",Sprachen,,http://w3id.org/openeduhub/vocabs/languageLevel/,WirLernenOnline,,,Bildungsbereichsübergreifend,,,,,,,19,http://www.wikidata.org/entity/Q1469842,,competencyRequired,,,
,Digital Competence Framework for Educators (DigCompEdu),"Der Europäische Rahmen für die digitale Kompetenz Lehrender richtet sich an Lehrende
auf allen Bildungsebenen, von der frühen Kindheit bis zur Hochschul- und
Erwachsenenbildung, einschließlich allgemeiner und beruflicher Bildung und Ausbildung,
Sonderpädagogik und nicht formaler Lernkontexte. Ziel ist es, einen allgemeinen
Bezugsrahmen für Entwickler digitaler Kompetenzmodelle bereitzustellen, d.h. Für
Mitgliedstaaten, Regionalregierungen, relevante nationale und regionale Agenturen,
Bildungsorganisationen selbst sowie öffentliche oder private Anbieter von
Berufsausbildungen",Kompetenzen,,http://w3id.org/openeduhub/vocabs/digCompEdu/,WirLernenOnline,,,Schule,,,,,,,20,http://www.wikidata.org/entity/Q1469843," (European Commission. Joint Research Centre., Redecker, and Punie 2017), Open Edu Hub / WirLernenOnline / ComeIn",,"(European Commission. Joint Research Centre., Redecker, and Punie 2017)",,
,"Orientierungsrahmen für die Lehrerausbildung und Lehrerfortbildung in NRW,","Mit dem Orientierungsrahmen hat das Land Nordrhein-Westfalen eine verbindliche Grundlage für die Lehreraus- und Lehrerfortbildung in der digitalisierten Welt geschaffen. Anknüpfend an die bekannten Handlungsfelder für Lehrerinnen und Lehrer – Unterrichten, Erziehen, Lernen und Leisten fördern, Beraten und Schule entwickeln – zeigt der Orientierungsrahmen auf, welche neuen – unter den Bedingungen der Digitalisierung künftig aber zentralen – Kompetenzen, es auszubilden gilt. Der Orientierungsrahmen macht transparent, welche pädagogischen und didaktischen Kompetenzen das Land bei Lehrkräften für grundlegend hält, den Herausforderungen und Chancen der Digitalisierung gestaltend zu begegnen. Für die Lehreraus- und Lehrerfortbildung sind damit zukunftsweisende Weichen gestellt worden.",digitalisierungsbezogene Kompetenzen,,http://w3id.org/openeduhub/vocabs/orientierungsrahmenNRW/,WirLernenOnline,,,,,,,,,,21,http://www.wikidata.org/entity/Q1469844,,,Eickelmann 2020,,
,4D Competencies Framework,"Der vierdimensionale (4D) Bildungsrahmen der CCR wurde so benannt, um zu verdeutlichen, dass die Schüler von heute sich in vier Dimensionen entwickeln müssen - Wissen, Fähigkeiten, Charakter und Meta-Lernen - um sich selbst und der Gesellschaft so gut wie möglich zu dienen. Das Kernprinzip einer 4D-Bildung besteht darin, die Wissensvermittlung mit den anderen drei Dimensionen zu verknüpfen. Aber wie wird das gemacht? Indem diese drei Dimensionen in einen Rahmen von Kompetenzen und Teilkompetenzen unterteilt werden, können Lehrkräfte ihren Unterricht effektiver, zielgerichteter, logischer und relevanter gestalten.",digitalisierungsbezogene Kompetenzen,Januar 2024,https://curriculumredesign.org/framework/,Centre for Curriculum Redesign,,"welches Kompetenzen im Zeitalter der KI definiert, v1.2",Bildungsbereichsübergreifend,,,,,,,22,http://www.wikidata.org/entity/Q1469845,,,CCR 2020,,
,"UDE-Modell: Ein integratives Modell digitalisierungsbezogener
    Kompetenzen für die
    Lehramtsausbildung","Das UDE-Modell beschreibt sowohl grundlegende Voraussetzungen als auch institutionelle und unterrichtsbezogene Aspekte der digitalisierungsbezogenen Kompetenzen von Lehrkräften.
Den inneren Kern des Modells bildet die Förderung der fachspezifischen und digitalisierungsbezogenen Kompetenzen von Schüler*innen. Alle umliegenden Bereiche sind darauf ausgerichtet.",digitalisierungsbezogene Kompetenzen,,https://w3id.org/comein/vocabs/ude-modell/,ComeIn,,,,,,,,,,23,http://www.wikidata.org/entity/Q1469846,- https://www.uni-due.de/imperia/md/images/e-learning/ad_didl_2020_v.05_1_.pdf,,,,
,"Kompetenzen in der digitalen Welt
  (KMK)","Die Digitalisierung und Mediatisierung haben in allen Bereichen unserer Lebens- und Arbeits-
welt zu entscheidenden Veränderungen geführt. Diese gehen über einen rein technischen
Fortschritt hinaus und führen zu einem breit angelegten kulturellen und gesellschaftlichen
Wandel, der sich auf das schulische Lehren und Lernen und auf die Bewältigung und Gestal-
tung von Lebens- bzw. Arbeitsprozessen von Kindern, Jugendlichen und jungen Erwachsenen
auswirkt.",digitalisierungsbezogene Kompetenzen,,http://w3id.org/openeduhub/vocabs/digitalCompetencies/,WirLernenOnline,,,,,,,,,,24,http://www.wikidata.org/entity/Q1469847,,,,,
,"Kompetenzen in der digitalen Welt (KMK),","Die Digitalisierung und Mediatisierung haben in allen Bereichen unserer Lebens- und Arbeits-
welt zu entscheidenden Veränderungen geführt. Diese gehen über einen rein technischen
Fortschritt hinaus und führen zu einem breit angelegten kulturellen und gesellschaftlichen
Wandel, der sich auf das schulische Lehren und Lernen und auf die Bewältigung und Gestal-
tung von Lebens- bzw. Arbeitsprozessen von Kindern, Jugendlichen und jungen Erwachsenen
auswirkt.",digitalisierungsbezogene Kompetenzen,,http://w3id.org/kim/kmk-vocabs/digitalisierungsbezogene-kompetenzen/,DINI-AG-KIM,,,,,,,,,,25,http://www.wikidata.org/entity/Q1469848,,,,,
,"Kompetenzen in der digitalen Welt (KMK),","Die Digitalisierung und Mediatisierung haben in allen Bereichen unserer Lebens- und Arbeits-
welt zu entscheidenden Veränderungen geführt. Diese gehen über einen rein technischen
Fortschritt hinaus und führen zu einem breit angelegten kulturellen und gesellschaftlichen
Wandel, der sich auf das schulische Lehren und Lernen und auf die Bewältigung und Gestal-
tung von Lebens- bzw. Arbeitsprozessen von Kindern, Jugendlichen und jungen Erwachsenen
auswirkt.",digitalisierungsbezogene Kompetenzen,,https://vocabs.sodix.de/index.de.html,SODIX,,,,,,,,,,26,http://www.wikidata.org/entity/Q1469849,,,,,
,"Medienkompetenzrahmen NRW,",Standard für die Schul- und Unterrichtsentwicklung zur Förderung von Medienkompetenz in der Primarstufe und der Sekundarstufe I sowie zur Förderung digitaler Schlüsselkompetenzen am Berufskolleg,digitalisierungsbezogene Kompetenzen,,http://w3id.org/openeduhub/vocabs/medienkompetenzrahmenNRW/,Open Edu Hub/WirLernenOnline/ComeIn,,,,,,,,,,27,http://www.wikidata.org/entity/Q1469850,,,,,
,"DaZKom: Ein Modell professioneller Kompetenzen angehender Lehrkräfte im Bereich Deutsch als Zweitsprache,","Das DaZKom-Projekt ist ein Kooperationsprojekt der Leuphana Universität Lüneburg und der Universität Bielefeld. Gefördert wird das Projekt vom BMBF im Rahmen des Transferprojektes „Kompetenzmodelle und Instrumente der Kompetenzerfassung im Hochschulsektor – Validierungen und methodische Innovationen“ (KoKoHs)"" (https://www.dazkom.de/links/). Das Projekt hat das Ziel der theoretischen Modellierung und empirischen Überprüfung von Kompetenzen im Bereich Deutsch als Zweitsprache (DaZ), die Lehrer*innen zusätzlich zu ihrer disziplinären Expertise besitzen müssen, um v.a. SchülerInnen mit nichtdeutscher Herkunftssprache im regulären Unterricht angemessen fördern zu können.",digitalisierungsbezogene Kompetenzen,,http://w3id.org/comein/vocabs/dazkom/,ComeIn,,,,,,,,,,28,http://www.wikidata.org/entity/Q1469851,,,,,
,Bildungsstandards (IQB),"Bildungsstandards sind fachdidaktisch begründete und auf mittlerem Abstraktionsgrad formulierte Leistungserwartungen an die Schüler*innen. Sie nehmen damit eine Mittelstellung zwischen sehr allgemeinen Bildungszielen einerseits und konkreten Aufgabenstellungen andererseits ein und setzen diese miteinander in Beziehung. Sie sind dadurch sowohl zukunfts- und verwendungsoffen als auch gesellschaftlich konsensfähig. Mithilfe der Testergebnisse kann nachgewiesen werden, wie gut Schüler*innen in der Lage sind, fachbezogene Aufgaben und Probleme zu lösen.",Bildungsstandards sowie Lehrplan-/Curricula-orientierte Wertelisten,,https://github.com/iqb-vocabs/iqb-vocabs.github.io,Institut für Qualitätsentwicklung im Bildungswesen,,,Schule,,,,,,,29,http://www.wikidata.org/entity/Q1469852,so aufnehmen oder einzelne Bildungsstandards?,,,,
,Schulcampus RLP,Lehrpläne des Landes Rheinland-Pfalz.,Bildungsstandards sowie Lehrplan-/Curricula-orientierte Wertelisten,,https://cloud.schulcampus-rlp.de/edu-sharing/components/search,Schulcampus Rheinland-Pfalz,,,Schule,,,,,,,30,http://www.wikidata.org/entity/Q1469853,,,,,
,Kompetenzbrowser des Instituts für Schulqualität der Länder Berlin und Brandenburg e. V. (ISQ),"Der Kompetenzbrowser ist ein einfacher Weg, die Bildungsstandards für die Fächer Deutsch, Mathematik und Englisch/Französisch für die Primar- und Sekundarstufe I zu erkunden. Insbesondere für Lehrkräfte bietet die Entfaltung der Bildungsstandards einen originellen Zugang zu den Kompetenzkonzeptionen der Rahmenlehrpläne und Vergleichsarbeiten (VERA). Die Kompetenzen werden mit Aufgaben illustriert und mit didaktischen Hinweisen zur Kompetenzentwicklung im Unterricht unterlegt.",Bildungsstandards sowie Lehrplan-/Curricula-orientierte Wertelisten,,https://kompetenzbrowser.de/,Institut für Schulqualität der Länder Berlin und Brandenburg e.V.,,,Schule,,,,,,,31,http://www.wikidata.org/entity/Q1469854,,,ISQ,,
,Medienkompetenz-Navigator,,Bildungsstandards sowie Lehrplan-/Curricula-orientierte Wertelisten,,https://mk-navi.mebis.bycs.de/mctool/schooltypes,Mebis,,,Schule,,,,,,,32,http://www.wikidata.org/entity/Q1469855,Service wird zum Februar 2025 abgeschaltet.,,"LehrPlan Plus, mebis, Bayern",,
,Lehrplan Plus Bayern,Lehrpläne des Landes Bayern.,Bildungsstandards sowie Lehrplan-/Curricula-orientierte Wertelisten,,https://www.lehrplanplus.bayern.de/,Mebis,,,Schule,,,,,,,,http://www.wikidata.org/entity/Q1469856,,,,,
,Hochschulkompass,Verzeichnis von Studiengängen.,Hochschule: Standards und Modulkataloge,,https://www.hochschulkompass.de/,Hochschulrektorenkonferenz,,,Hochschule,,,,,,,33,http://www.wikidata.org/entity/Q1469857,,,,,
,KMK: Standards für die Lehrerbildung: Bildungswissenschaften (vom 16.12.2004 i.d.F. vom 16.05.2019),"Standards in der Lehrerbildung beschreiben Anforderungen an das Handeln von Lehrkräften.
Sie beziehen sich auf Kompetenzen und somit auf Fähigkeiten, Fertigkeiten und Einstellungen,
über die eine Lehrkraft zur Bewältigung der beruflichen Anforderungen verfügen soll. Dabei
schließt berufliches Handeln auch die Kompetenz zu kollegialer Zusammenarbeit und zur Ko-
operation mit anderen Professionen und Einrichtungen ein.
Aus den angestrebten Kompetenzen ergeben sich Anforderungen für die gesamte Ausbildung
und die Berufspraxis.",Hochschule: Standards und Modulkataloge,,http://w3id.org/kim/kmk-vocabs/bildungswissenschaften/,DINI-AG-KIM,,,Lehrerbildung,,,,,,,34,http://www.wikidata.org/entity/Q1469858,,,,,
,Sammlung von Plänen verschiedener Länder im Primarbereich,Orientierungspläne für Bildung und Erziehung im Kindergarten.,Bildungsstandards sowie Lehrplan-/Curricula-orientierte Wertelisten,,https://www.kindergartenpaedagogik.de/fachartikel/bildung-erziehung-betreuung/1951/,Martin R. Textor,,,Primarbereich,,,,,,,35,http://www.wikidata.org/entity/Q1469859,,,,,
,NextGeneration Science Standards ,"Im Rahmen der Next Generation Science Standards (NGSS) gibt es drei verschiedene und gleichermaßen wichtige Dimensionen des wissenschaftlichen Lernens. Diese Dimensionen werden kombiniert, um jeden Standard - oder jede Leistungserwartung - zu bilden, und jede Dimension arbeitet mit den beiden anderen zusammen, um den Schülern zu helfen, im Laufe der Zeit ein zusammenhängendes Verständnis der Wissenschaft zu entwickeln.",Bildungsstandards sowie Lehrplan-/Curricula-orientierte Wertelisten,,https://www.nextgenscience.org/,Next Generation Science Standards,,,,,,,,,,36,http://www.wikidata.org/entity/Q1469860,(z. B. verwendet im TeachEngineering Portal),,,,
,"Assessment Type, Assessment Type Administered",Die Kategorie einer Bewertung auf der Grundlage von Format und Inhalt.,Lernkontrollen,,https://ceds.ed.gov/element/000029,Common Education Data Standards,,,,,,,,,,37,http://www.wikidata.org/entity/Q1469861,,,,,
,Assessment Purpose,"Der Grund, aus dem eine Bewertung konzipiert oder durchgeführt wird.",Lernkontrollen,,https://ceds.ed.gov/element/000026,Common Education Data Standards,,,,,,,,,,38,http://www.wikidata.org/entity/Q1469862,,"competencyRequired, assesses, teaches",,,
,DQR / EQR (?),,,,,DINI-AG-KIM,,,,,,,,,,39,http://www.wikidata.org/entity/Q1469863,,educationalLevel,,,
,Bildungsstufen,"Eine Wertelliste für die Stufe im Bildungssystem als Lehr-/Lernkontext, für den Lernobjekt ausgewiesen ist.",Bildungsstufen,,https://w3id.org/kim/educationalLevel/,DINI-AG-KIM,,https://github.com/dini-ag-kim/educationalLevel,,,,,,,,40,http://www.wikidata.org/entity/Q1469864,,educationalLevel,UNESCO ISCED-2011,,
,Bildungsstufe,"Eine Wertelliste für die Bildungsstufe, in der das Lernobjekt genutzt werden kann. Entstanden im Kontext des OpenEduHub.",Bildungsstufen,,http://w3id.org/openeduhub/vocabs/educationalContext/,WirLernenOnline,,,,,,,,,,41,http://www.wikidata.org/entity/Q1469865,,educationalLevel,,,
,International Standard Classification of Education 1997,Dies ist eine SKOS-Darstellung der ISCED-Bildungsniveaus von 1997.,Bildungsstufen,,https://w3id.org/kim/isced-1997/scheme,DINI-AG-KIM,,https://github.com/dini-ag-kim/vocabs-edu,,,,,,,,42,http://www.wikidata.org/entity/Q1469866,,educationalLevel,UNESCO,,
,International Standard Classification of Education 2011,Dies ist eine SKOS-Darstellung der ISCED-Bildungsniveaus von 2011.,Bildungsstufen,,https://w3id.org/kim/isced-2011/scheme,DINI-AG-KIM,,https://github.com/dini-ag-kim/vocabs-edu,,,,,,,,43,http://www.wikidata.org/entity/Q1469867,,educationalLevel,UNESCO,,
,International Standard Classification of Education 2013,Dies ist eine SKOS-Darstellung der ISCED-Bildungsniveaus von 2013.,Bildungsstufen,,https://w3id.org/kim/isced-2013/scheme,DINI-AG-KIM,,https://github.com/dini-ag-kim/vocabs-edu,,,,,,,,44,http://www.wikidata.org/entity/Q1469868,,educationalLevel,UNESCO,,
,LOM-CH: 5.6 Bildungsstufe,,Bildungsstufen,,,,,,,,,,,,,45,http://www.wikidata.org/entity/Q1469869,,educationalLevel,,,
,Common Education Data Standard: Learning Resource Education Level,"Die Bildungsstufe, die Klassenstufe oder die primäre Unterrichtsstufe, für die eine Lernressource bestimmt ist.",Bildungsstufen,,https://ceds.ed.gov/element/001246,Common Education Data Standards,,,,,,,,,,46,http://www.wikidata.org/entity/Q1469870,,educationalLevel,,,
,EUN Educational Context Values:,Bildungsstufen des European School Net.,Bildungsstufen,,http://europeanschoolnet-vbe.lexaurus.net/vbe/browse,European Schoolnet Vocabulary Bank for Education,,,,,,,,,,47,http://www.wikidata.org/entity/Q1469871,,educationalLevel,,,
,LRE Educational Learning Context,"Dieses Vokabular enthält Begriffe, die das institutionelle Umfeld oder das für die Verwendung des LO geeignete Bildungsniveau angeben.",Bildungsstufen,,http://europeanschoolnet-vbe.lexaurus.net/vbe/browse,"European Schoolnet Vocabulary Bank for Education, Learning Resource Exchange Kommittee",,,,,,,,,,48,http://www.wikidata.org/entity/Q1469872,,educationalLevel,,,
,Educational Context (LOM-DE),"Bildungsstufen des deutschen Schulsystems, verwendet in LOM-DE.",Bildungsstufen,,https://web.archive.org/web/20220120213540/https://sodis.de/lom-de/LOM-DE_v0.9_1.pdf,FWU,,,,,,,,,,49,http://www.wikidata.org/entity/Q1469873,,educationalLevel,,,
,Klassenstufe,Eine Wertelliste für Klassenstufen. Entstanden im Kontext des OpenEduHub.,"Klassenstufen, Jahrgangsstufen oder Fachsemester",,http://w3id.org/openeduhub/vocabs/educationalLevel/,WirLernenOnline,,,,,,,,,,50,http://www.wikidata.org/entity/Q1469874,,educationalLevel,,,
,XSchule: Jahrgangsstufe,Jahrgangsstufen des allgemeinbildenden Schulsystems.,"Klassenstufen, Jahrgangsstufen oder Fachsemester",,https://web.archive.org/web/20240210154653/https://xschule.digital/def/xschule/1.0/spec/xsc_spezifikation_1.0.pdf,XSchule,,,,,,,,,,51,http://www.wikidata.org/entity/Q1469875,,educationalLevel,XSchule (?),,
,Meta-Videoportal unterrichtsvideos.net (Repo): Jahrgangsstufen,Eine Wertelliste für die Jahrgangsstufe.,"Klassenstufen, Jahrgangsstufen oder Fachsemester",,https://unterrichtsvideos.github.io/vocabs/w3id.org/unterrichtsvideos.net/vocabs/grade/index.de.html,unterrichtsvideos.net,,https://github.com/unterrichtsvideos/vocabs,,,,,,,,52,http://www.wikidata.org/entity/Q1469876,,,,,
,Fachsemester,,"Klassenstufen, Jahrgangsstufen oder Fachsemester",,https://web.archive.org/web/20231215062855/https://doku.tid.dfn.de/de:elearning_attributes#a14,,,,,,,,,,,53,http://www.wikidata.org/entity/Q1469877,,,,,
,Schularten-Vokabular,"Eine Wertelliste für Schularten im deutschen Schulsystem. Eine Schulart zeichnet sich dadurch aus, dass sie im Hinblick auf Lehrpläne, Bildungsziele und Qualifkationsniveau einen eigenständigen Charakter besitzt. Sie muss dazu keine verwaltungstechnische eigenständige Organisationseinheit sein.","Schularten, Schultypen, Schulformen",,https://w3id.org/kim/schularten/,DINI-AG-KIM,,https://github.com/dini-ag-kim/schularten,,,,,,,,54,http://www.wikidata.org/entity/Q1469878,,,,,
,Schularten-Vokabular,"Eine Werteliste der Schularten, die es in Deutschland gibt.","Schularten, Schultypen, Schulformen",,http://w3id.org/openeduhub/vocabs/schoolType/,WirLernenOnline,,,,,,,,,,55,http://www.wikidata.org/entity/Q1469879,,,,,
,Schularten Mundo,Wertelisten von Schularten bei mundo.schule,"""Schularten, Schultypen, Schulformen""",,https://mundo.schule/,FWU / SODIX,,,,,,,,,,56,http://www.wikidata.org/entity/Q1469880,,,,,
,Art der Schule,Basierend auf Kerndatensatz der Länder für schulstatistische Individualdaten,"Schularten, Schultypen, Schulformen",,https://web.archive.org/web/20240210154500/https://xbildung.de/def/xbildung/1.0/spec/xbd_spezifikation_1.0.pdf,XBildung,,,,,,,,,,57,http://www.wikidata.org/entity/Q1469881,,,XBildung (?),,
,Schularten,Schularten aus dem Datenportal BMBF.,"Schularten, Schultypen, Schulformen",,https://www.datenportal.bmbf.de/portal/de/K231.html,Statistisches Bundesamt,,,,,,,,,,58,http://www.wikidata.org/entity/Q1469882,,,,,
,Schularten,Schularten der Plattform fobizz.,"Schularten, Schultypen, Schulformen",,https://plattform.fobizz.com/fortbildungen,fobizz,,,,,,,,,,59,http://www.wikidata.org/entity/Q1469883,,,Fobizz,,
,Schularten,Schularten von unterrrichtsvideos.net,"Schularten, Schultypen, Schulformen",,https://unterrichtsvideos.net/metaportal/,unterrichtsvideos.net,,https://github.com/unterrichtsvideos/vocabs,,,,,,,,60,http://www.wikidata.org/entity/Q1469884,,,,,
,Schularten,Schularten nach meinunterricht.de,"Schularten, Schultypen, Schulformen",,https://www.meinunterricht.de/,MeinUnterrricht,,,,,,,,,,61,http://www.wikidata.org/entity/Q1469885,,,meinUnterricht,,
,Schularten,Schularten des digitallearninglab.de,"Schularten, Schultypen, Schulformen",,https://digitallearninglab.de/api/schoolTypes,digital.learning.lab,,,,,,,,,,62,http://www.wikidata.org/entity/Q1469886,,,,,
,"SIF Data Model (UK, AU, NZ, NA)",School Type / Organisation Type innerhalb der Schools Interoperability Framework Implementation Specification,"Schularten, Schultypen, Schulformen",,https://data.a4l.org/sif-specifications/,SIF Association,,,,,,,,,,63,http://www.wikidata.org/entity/Q1469887,,,,,
,Schulabschlüsse,Schulabschlüsse nach XHochschule mit ISCED Mapping.,Abschlüsse,,https://xhochschule.de/def/xhochschule/0.92/spec/spezifikation_0.92.pdf,XSchule,,,Schule,,,,,,,64,http://www.wikidata.org/entity/Q1469888,,,,,
,Schulabschlüsse,Schulabschlüsse mit Mappings zu Wikidata und DNB.,Abschlüsse,,https://w3id.org/kim/schulabschluesse/,DINI-AG-KIM,,,Schule,,,,,,,65,http://www.wikidata.org/entity/Q1469889,,,,,
,Hochschulabschlüsse,Hochschulabschlüsse nach XHochschule mit ISCED Mapping.,Abschlüsse,,https://xhochschule.de/def/xhochschule/0.92/spec/spezifikation_0.92.pdf,XHochschule,,,Hochschule,,,,,,,66,http://www.wikidata.org/entity/Q1469890,,,,,
,Destatis Schlüsseltabellen für Abschlüsse im Erhebungsportal,Hochschulabschlüsse nach Destatis.,Abschlüsse,,https://erhebungsportal.estatistik.de/Erhebungsportal/informationen/statistik-der-studenten-372,Destatis,,https://github.com/dini-ag-kim/destatis-schluesseltabellen,Hochschule,,,,,,,67,http://www.wikidata.org/entity/Q1469891,,,,,
,Abschlüsse,"Hochschulabschlüsse, verwendet bei Hochschulkompass.",Abschlüsse,,https://www.hochschulkompass.de/,Hochschulrektorenkonferenz,,,Hochschule,,,,,,,68,http://www.wikidata.org/entity/Q1469892,,,Hochschulkompass,,
,Lehramtstypen,"Eine Werteliste für Lehramtstypen, für die die Ressource geeignet ist.",Abschlüsse,,http://w3id.org/kim/kmk-vocabs/lehramtstypen/,DINI-AG-KIM,,,Hochschule,,,,,,,69,http://www.wikidata.org/entity/Q1469893,,,,,
,Verzeichnis der anerkannten Ausbildungsberufe,Dieses Standardwerk dokumentiert die gültigen Rechtsgrundlagen aller Ausbildungsberufe nach BBiG und HwO. Darüber hinaus enthält es Fortbildungsregelungen sowie bundesrechtliche und landesrechtliche Regelungen zur Ausbildung und Weiterbildung für Berufe im Gesundheits- und Sozialwesen und vieles mehr. Das Verzeichnis wird jährlich aktualisiert.,Abschlüsse,,https://www.bibb.de/dienst/publikationen/de/suche?publication_search_result_voe%5Bseries%5D=verzeichnis%20der%20anerkannten%20ausbildungsberufe&publication_search_result_voe%5BentriesPerPage%5D=10&publication_search_result_voe%5Bsorting%5D=newest_desc,Bundesinstitut für Berufsbildung,,,Ausbildung,,,,,,,70,http://www.wikidata.org/entity/Q1469894,,,Bundesinstitut für Berufsbildung (BIBB),,
,Beruf / Berufsfeld,Liste von Berufen des Hubs für berufliche Schulen.,Abschlüsse,,https://hubbs.schule/search/mediathek,FWU,,,,,,,,,,71,http://www.wikidata.org/entity/Q1469895,,,HubbS,,
,Thema / Trainings,Auflistung von Themen für Weiterbildungstrainigs.,Abschlüsse,,https://netzwerkq40.de/learning-nuggets-lernmedien-fuer-ausbilderinnen/,NETZWERK Q 4.0,,,,,,,,,,72,http://www.wikidata.org/entity/Q1469896,,,Netzwerk Q4.0,,
,Abschluss,Eine Wertelliste für schulische und Hochschulabschlüsse. Entstanden im Kontext des OpenEduHub.,Abschlüsse,,http://w3id.org/openeduhub/vocabs/graduation/,WirLernenOnline,,,Bildungsbereichsübergreifend,,,,,,,73,http://www.wikidata.org/entity/Q1469897,,,,,
,Abschlüsse (European Schoolnet Vocabulary: Ed Level/Degree Earned Values),Liste von Abschlüssen im European Schoolnet.,Abschlüsse,,http://europeanschoolnet-vbe.lexaurus.net/vbe/browse,European Schoolnet Vocabulary Bank for Education,,,,,,,,,,74,http://www.wikidata.org/entity/Q1469898,,,,,
,ACTFL-Leitlinien zur Sprachbeherrschung ,,Sprache,,https://www.actfl.org/educator-resources/actfl-proficiency-guidelines,ACTFL,,,,,,,,,,75,http://www.wikidata.org/entity/Q1469899,nicht frei zugänglich,,,,
,"
ISO 639-1 Sprachthesaurus",Sprachthesaurus gemäß ISO 639-1,Sprache,,https://voc.uni-ak.ac.at/skosmos/languages/de/,Universität für angewandte Kunst Wien,,,,,,,,,,76,http://www.wikidata.org/entity/Q1469900,SKOSMOS,,,,
,Sprachen (MARC),"Die MARC-Liste für Sprachen enthält dreistellige, klein geschriebene Buchstabenfolgen, die als Bezeichner für Sprachen und Sprachgruppen dienen. Die Codes basieren in der Regel auf den ersten drei Buchstaben der englischen Form oder, in einigen Fällen, der landessprachlichen Form des entsprechenden Sprachnamens. Die Codes werden bei Bedarf variiert, um Konflikte zu lösen, und sind nicht als Abkürzungen für einen Sprachnamen gedacht. Wenn der Name einer Sprache in der Liste geändert wird, wird der ursprüngliche Code im Allgemeinen beibehalten. Die Codes in dieser Liste entsprechen den Codes der ISO 639-2 (bibliografische Codes) und einigen Codes der ISO 639-5, auch wenn die Bezeichnungen der Sprachnamen unterschiedlich sein können. Sie sind mit den entsprechenden Codes in ISO 639-2 und ISO 639-5 und den entsprechenden zweistelligen Codes in ISO 639-1 verknüpft. Die Liste enthält über 480 diskrete Codes. Sie ist auch durchsuchbar unter: MARC-Code-Liste für Sprachen.",Sprache,,http://id.loc.gov/vocabulary/languages,Library of Congress,,,,,,,,,,77,http://www.wikidata.org/entity/Q1469901,,inLanguage,,,
,Sprachen ISO 639-1,"ISO 639-1 ist der erste Teil der internationalen ISO 639-Sprachcodefamilie. ISO 639-1 enthält zweistellige, klein geschriebene Buchstabenfolgen, die zur Identifizierung von Sprachen dienen. Die Liste enthält etwa 180 diskrete Codes. Für alle ISO 639-1-Sprachen gibt es auch ISO 639-2-Codes mit drei Zeichen. Diese Codes sind mit den Codes für dieselben Sprachen in ISO 639-2 und den MARC Language Codes verknüpft.",Sprache,,http://id.loc.gov/vocabulary/iso639-1,Library of Congress,,,,,,,,,,78,http://www.wikidata.org/entity/Q1469902,,inLanguage,,,
,Sprachen ISO 639-2,"ISO 639-2 ist Teil der ISO 639-Sprachcodefamilie, die auch einen zweistelligen Codesatz (ISO 639-1) für die Darstellung von Sprachnamen enthält. ISO 639-2 enthält Codes für alle in ISO 639-1 enthaltenen Sprachen und mehrere hundert weitere Sprachen. Die Codes von ISO 639-2 (Bibliografie) wurden für die Verwendung in bibliografischen Metadaten entwickelt, z. B. für Bibliotheken, Informationsdienste und Verlage, während ISO 639-2 (Terminologie) auf Terminologie, Lexikografie und linguistische Anwendungen ausgerichtet ist. Die Listen sind identisch, mit Ausnahme von 20 Sprachen, die unterschiedliche bibliographische und terminologische Codes haben. Die Liste enthält über 500 diskrete Codes. Die ISO 639-2 (bibliographischen) Codes entsprechen den MARC-Sprachcodes. Die ISO 639-2-Codes sind mit zweistelligen Codes für dieselbe Sprache in ISO 639-1, mit den MARC-Sprachcodes und mit entsprechenden Codes für Sprachgruppen in ISO 639-5 verknüpft.",Sprache,,http://id.loc.gov/vocabulary/iso639-2,Library of Congress,,,,,,,,,,79,http://www.wikidata.org/entity/Q1469903,,inLanguage,,,
,Sprachen ISO 6395,"ISO 639-5 enthält dreistellige klein geschriebene Buchstabenfolgen, die als Bezeichner für die Darstellung von Namen lebender und ausgestorbener Sprachfamilien und Sprachgruppen dienen. Die Liste enthält über 100 diskrete Codes. Die Codes in dieser Liste umfassen alle Codes für Sprachgruppen im MARC-Sprachcodeschema und über 40 weitere Gruppen. Die Codes sind mit den entsprechenden Codes in der MARC-Sprachcodeliste und in ISO 639-2 verknüpft.",Sprache,,http://id.loc.gov/vocabulary/iso639-5,Library of Congress,,,,,,,,,,80,http://www.wikidata.org/entity/Q1469904,,inLanguage,,,
,Zielgruppe,Das LRMI Audience Role Vocabulary definiert die primären oder beabsichtigten Rollen des Publikums (Nutznießers) der beschriebenen Ressource. Es dient der Bereitstellung von Werten für die Eigenschaft lrmi educationalRole.,Zielgruppe,,https://www.dublincore.org/specifications/lrmi/concept_schemes/educationalAudienceRole/,Learning Resource Metadata Initiative,,,,,,,,,,81,http://www.wikidata.org/entity/Q1469905,,audience,LRMI,,
,Zielgruppe,,Zielgruppe,,,LOM,,,,,,,,,,82,http://www.wikidata.org/entity/Q1469906,,audience,LOM,,
,Zielgruppe,"Eine Werteliste für Rollen, für die die Ressource erstellt wurde. Entstanden im Kontext des OpenEduHub.",Zielgruppe,,http://w3id.org/openeduhub/vocabs/intendedEndUserRole/,WirLernenOnline,,,,,,,,,,83,http://www.wikidata.org/entity/Q1469907,,audience,,,
,"Zielgruppe (EUN Target Groups,)",Werteliste von Zielgruppen des Eurpean Schoolnet.,Zielgruppe,,http://europeanschoolnet-vbe.lexaurus.net/vbe/browse,European Schoolnet Vocabulary Bank for Education,,,,,,,,,,84,http://www.wikidata.org/entity/Q1469908,,audience,,,
,"Library of Congress (intended Audience),","Benutzerkategorie, für die der Inhalt einer Ressource bestimmt ist oder für die der Inhalt als geeignet angesehen wird.",Zielgruppe,,http://id.loc.gov/vocabulary/maudience,Library of Congress,,,,,,,,,,85,http://www.wikidata.org/entity/Q1469909,,audience,,,
,Zielgruppen,Rollen die bei Schulflix verwendet werden.,Zielgruppe,,https://www.schulflix.com/kurskatalog/,Schulflix,,,,,,,,,,86,http://www.wikidata.org/entity/Q1469910,,audience,Schulflix,,
,Personengruppen,"Eine Werteliste für Zielgruppen als Lernende, für welche die Ressource konzipiert wurde.",Zielgruppe,,https://w3id.org/comein/vocabs/educationalAudienceRole/,Come In,,,,,,,,,,87,http://www.wikidata.org/entity/Q1469911,,audience,ComeIn,,
,Personengruppen,"Eine Werteliste für die Zielgruppen von Bildungsangeboten, wie sie im BIRD Referenzprojekt angelegt wurde.",Zielgruppe,,http://w3id.org/openeduhub/vocabs/intendedEndUserRole_BIRD/,WirLernenOnline,,,,,,,,,,88,http://www.wikidata.org/entity/Q1469912,,audience,BIRD,,
,Zielgruppe,Zielgruppen Vokabular im hochschuldidaktischen Kontext,Zielgruppe,,https://padlet.com/justushenke/erweitertes-amb-ycqitnb3y80hkvw1,???,,https://hof-halle-wittenberg.github.io/vocabs/audience/,,,,,,,,89,http://www.wikidata.org/entity/Q1469913,,audience,,,
,Werte bei OERCommons,Zielgruppen bei OER Commons.,Didaktische Kontextualisierung,,https://oercommons.org/browse,OER Commons,,,,,,,,,,90,http://www.wikidata.org/entity/Q1469914,,learningResourceType,,,
,LRT LOM,,"Ressourcentyp, Medientyp",,,IEEE,,,,,,,,,,91,http://www.wikidata.org/entity/Q1469915,,learningResourceType,,,
,LRT LOM-DE,,"Ressourcentyp, Medientyp",,,FWU,,,,,,,,,,92,http://www.wikidata.org/entity/Q1469916,,learningResourceType,,,
, Hochschulcampus Ressourcentypen (HCRT),"Eine Wertelliste für Typen von Lernressourcen (Learning Resource Type), entstanden im Kontext des Metadatenschemas ""LOM for Higher Education OER Repositories"" (https://w3id.org/dini-ag-kim/hs-oer-lom-profil/latest/).","Ressourcentyp, Medientyp",,https://w3id.org/kim/hcrt/scheme,DINI-AG-KIM,"AMB, HS-OER-LOM",,,,,,,,,93,http://www.wikidata.org/entity/Q1469917,,learningResourceType,,,
,Medienarten / Medienklassifikation EAF,Liste von Medienarten der AG MuD.,"Ressourcentyp, Medientyp",,http://agmud.de/eaf-erweitertes-austauschformat/,FWU,EAF,,,,,,,,,94,http://www.wikidata.org/entity/Q1469918,,learningResourceType,,,
,Neuer LRT,Umfassende Zusammenstellung von Ressourcentypen. Entstanden im Kontext des OpenEduHub.,"Ressourcentyp, Medientyp",,http://w3id.org/openeduhub/vocabs/new_lrt/,WirLernenOnline,,,,,,,,,,95,http://www.wikidata.org/entity/Q1469919,,learningResourceType,WirLernenOnline,,
,"""Alter"" LRT",Liste von Ressourcentypen. Entstanden im Kontext des OpenEduHub.,"Ressourcentyp, Medientyp",,http://w3id.org/openeduhub/vocabs/learningResourceType/,WirLernenOnline,,,,,,,,,,96,http://www.wikidata.org/entity/Q1469920,,learningResourceType,,,
,Typ der Lernressource (SODIX) alt,"Eine Wertelliste für Typen von Lernressourcen, wie er im SODIX content hub zum Einsatz kommt. Geordnete Liste, der vorherrschende Typ zuerst.","Ressourcentyp, Medientyp",,https://vocabs.sodix.de/sodix/educational/learningresourcetype/learningresourcetype,SODIX,,,,,,,,,,97,http://www.wikidata.org/entity/Q1469921,,learningResourceType,SODIX,,
,Typ der Lernressource (SODIX-NEW),,"Ressourcentyp, Medientyp",,https://vocabs.sodix.de/lernressourcentyp_NEU/,SODIX,,,,,,,,,,98,http://www.wikidata.org/entity/Q1469922,,learningResourceType,SODIX,,
,Type (DCMI),,"Ressourcentyp, Medientyp",,https://www.dublincore.org/specifications/dublin-core/dcmi-terms/#DCMIType,DCMI,,,,,,,,,,99,http://www.wikidata.org/entity/Q1469923,,learningResourceType,DCMI,,
,Learning Resource Type,"Ein kontrolliertes Vokabular, das verschiedene Arten von Lernressourcen bezeichnet. Eine solche Ressource hat ein oder mehrere physische oder digitiale Repräsentationen und beinhaltet, spezifiziert oder bedingt eine Lernaktivität or Lernerfahrung.","Ressourcentyp, Medientyp",,http://purl.org/dcx/lrmi-vocabs/learningResourceType/,Learning Resource Metadata Initiative,,https://github.com/dcmi/lrmi/tree/b1b223693d4c5122e9fd015c21b52349a7c58427/lrmi_vocabs/learningResourceType,,,,,,,,100,http://www.wikidata.org/entity/Q1469924,,learningResourceType,LRMI,,
,resourceTypeGeneral,Ressourcentypen gemäß des Datacite Schemas.,"Ressourcentyp, Medientyp",,https://schema.datacite.org/meta/kernel-4.4/doc/DataCite-MetadataKernel_v4.4.pdf,DataCite Metadata Working Group,,,,,,,,,,101,http://www.wikidata.org/entity/Q1469925,,learningResourceType,Datacite,,
,Dgital Media Type,Der Medien- oder Dateityp der digitalen Ressource basiert auf den von der Internet Assigned Numbers Authority (AINA) unter http://www.iana.org/assignments/media-types definierten Medientypen.,"Ressourcentyp, Medientyp",,https://ceds.ed.gov/element/001397,Common Education Data Standards,,,,,,,,,,102,http://www.wikidata.org/entity/Q1469926,,learningResourceType,Common Education Data Standard,,
,Physical Media Type,"Eine Art physischer Datenträger, auf dem die Lernressource bereitgestellt oder verfügbar ist.","Ressourcentyp, Medientyp",,https://ceds.ed.gov/element/001401,Common Education Data Standards,,,,,,,,,,103,http://www.wikidata.org/entity/Q1469927,,learningResourceType,Common Education Data Standard,,
,Educational Use,Der Zweck der Arbeit im Kontext der Bildung.Der Zweck der Arbeit im Kontext der Bildung.,"Ressourcentyp, Medientyp",,https://ceds.ed.gov/element/001002,Common Education Data Standards,,,,,,,,,,104,http://www.wikidata.org/entity/Q1469928,,learningResourceType,Common Education Data Standard,,
,Materialtypen,Eine Wertelliste für Materialtypen.,"Ressourcentyp, Medientyp",,https://unterrichtsvideos.github.io/vocabs/w3id.org/unterrichtsvideos.net/vocabs/materialTypes/index.de.html,unterrichtsvideos.net,,https://github.com/unterrichtsvideos/vocabs,,,,,,,,105,http://www.wikidata.org/entity/Q1469929,,learningResourceType,unterrrichtsvideos.net,,
,Videotypen,Eine Wertelliste für Videoarten.,"Ressourcentyp, Medientyp",,https://w3id.org/unterrichtsvideos.net/vocabs/videoTypes/,unterrichtsvideos.net,,https://github.com/unterrichtsvideos/vocabs,,,,,,,,106,http://www.wikidata.org/entity/Q1469930,,learningResourceType,unterrrichtsvideos.net,,
,Medientypen,Werteliste von Medientypen.,"Ressourcentyp, Medientyp",,https://w3id.org/orca.nrw/medientypen/,ORCA.nrw,,,,,,,,,,107,http://www.wikidata.org/entity/Q1469931,,learningResourceType,ORCA.nrw,,
,Materialtypen,Materialtypen des OER TX Repositories.,"Ressourcentyp, Medientyp",,https://web.archive.org/web/20231211175418/https://oertx-help.highered.texas.gov/support/solutions/articles/42000077612-material-types,OERTX,,,,,,,,,,108,http://www.wikidata.org/entity/Q1469932,,learningResourceType,OERTX,,
,Materialtypen,Materialtypen des Merlot Repositories.,"Ressourcentyp, Medientyp",,https://web.archive.org/web/20221203081203/https://info.merlot.org/merlothelp/MERLOT_Collection.htm,Merlot,,,,,,,,,,109,http://www.wikidata.org/entity/Q1469933,,learningResourceType,Merlot,,
,Output Types,"Dieses Schema enthält CERIF-Vokabularbegriffe, die in den Verknüpfungsentitäten cfResultPublication_Classification, cfResultPatent_Classification, cfResultProduct_Classification, cfEvent_Class anwendbar sind und somit Ausgabetypen darstellen.","Ressourcentyp, Medientyp",,https://w3id.org/cerif/vocab/OutputTypes,euroCRIS,,,,,,,,,,110,http://www.wikidata.org/entity/Q1469934,,learningResourceType,euroCRIS,,
,Activity Types,Die Arten der Forschungstätigkeit.,"Ressourcentyp, Medientyp",,https://w3id.org/cerif/vocab/ActivityTypes,euroCRIS,,,,,,,,,,111,http://www.wikidata.org/entity/Q1469935,,learningResourceType,euroCRIS,,
,Activity Subtypes,"Die Subtypen einer Aktivität, die für eine spezifischere oder feinere Analyse verwendet werden.","Ressourcentyp, Medientyp",,https://w3id.org/cerif/vocab/ActivitySubtypes,euroCRIS,,,,,,,,,,112,http://www.wikidata.org/entity/Q1469936,,learningResourceType,euroCRIS,,
,Portfolio Taxonomie,n/A,"Ressourcentyp, Medientyp",,https://voc.uni-ak.ac.at/skosmos/potax/de/,Universität für angewandte Kunst Wien,,,,,,,,,,113,http://www.wikidata.org/entity/Q1469937,,learningResourceType,,,
,Portfolio Vokabular,n/A,"Ressourcentyp, Medientyp",,https://voc.uni-ak.ac.at/skosmos/povoc/de/,Universität für angewandte Kunst Wien,,,,,,,,,,114,http://www.wikidata.org/entity/Q1469938,,learningResourceType,,,
,Publikationstypen,Liste von Publikationstypen.,"Ressourcentyp, Medientyp",,https://voc.uni-ak.ac.at/skosmos/publikationstypen/de/,Universität für angewandte Kunst Wien,,,,,,,,,,115,http://www.wikidata.org/entity/Q1469939,,learningResourceType,,,
,Angewandte Schlagwörter,Liste angewandter Schlagworte.,Schlagworte,,https://voc.uni-ak.ac.at/skosmos/basekw/de/,Universität für angewandte Kunst Wien,,,,,,,,,,116,http://www.wikidata.org/entity/Q1469940,,learningResourceType,,,
,encoding Format,"Ein Schema oder ein Standard, der zur Kodierung des digitalen Inhalts einer Ressource verwendet wird.","Ressourcentyp, Medientyp",,http://id.loc.gov/vocabulary/mencformat,Library Of Congress,,,,,,,,,,117,http://www.wikidata.org/entity/Q1469941,,learningResourceType,LC/MARC,,
,File Type,Allgemeine Art des in einer Computerdatei kodierten Dateninhalts,"Ressourcentyp, Medientyp",,http://id.loc.gov/vocabulary/mfiletype,Library Of Congress,,,,,,,,,,118,http://www.wikidata.org/entity/Q1469942,,learningResourceType,LC/MARC,,
,Media Types,"Das Schema der Medientypen ist von einer kontrollierten Liste von Werten abgeleitet, die den allgemeinen Typ des Vermittlungsgeräts widerspiegeln, das erforderlich ist, um den Inhalt einer Ressource anzuzeigen, abzuspielen, auszuführen usw., und das hauptsächlich in der RDA-Katalogisierung verwendet wird.","Ressourcentyp, Medientyp",,http://id.loc.gov/vocabulary/mediaTypes,Library Of Congress,,,,,,,,,,119,http://www.wikidata.org/entity/Q1469943,,learningResourceType,LC/MARC,,
,Content Types,"Das Schema der Inhaltstypen ist von einer kontrollierten Liste von Werten abgeleitet, die die Form der Kommunikation darstellen, durch die ein Werk ausgedrückt wird und die hauptsächlich in der RDA-Katalogisierung verwendet wird.","Ressourcentyp, Medientyp",,http://id.loc.gov/vocabulary/contentTypes,Library Of Congress,,,,,,,,,,120,http://www.wikidata.org/entity/Q1469944,,learningResourceType,LC/MARC,,
,Work Type,"Liste von Werktypen, die ORCID unterstützt.","Ressourcentyp, Medientyp",,https://web.archive.org/web/20231219115237/https://info.orcid.org/ufaqs/what-work-types-does-orcid-support/,ORCID,,,Hochschule,,,,,,,121,http://www.wikidata.org/entity/Q1469945,,learningResourceType,ORCID,,
,Content Types,,"Ressourcentyp, Medientyp",,https://www.re3data.org/browse/,Registry Of Research Data repositories,,,,,,,,,,122,http://www.wikidata.org/entity/Q1469946,funzt nicht mehr,learningResourceType,Re3data,,
,Media Types,Verzeichnis der IANA Medientypen.,"Ressourcentyp, Medientyp",,https://www.iana.org/assignments/media-types/media-types.xhtml,IANA,,,,,,,,,,123,http://www.wikidata.org/entity/Q1469947,,learningResourceType,IANA,,
,Item Types,Artikeltypen bei Zotero.,"Ressourcentyp, Medientyp",,https://www.zotero.org/support/kb/item_types_and_fields,Zotero,,,,,,,,,,124,http://www.wikidata.org/entity/Q1469948,,learningResourceType,Zotero,,
,ICOPER Learning Resource Types (European Schoolnet Vocabulary),Werte für Lernressourcentypen zur Verwendung in ICOPER-Metadaten für die Eigenschaft LOM-Lernressourcentyp.,"Ressourcentyp, Medientyp",,http://europeanschoolnet-vbe.lexaurus.net/vbe/browse,European Schoolnet Vocabulary Bank for Education,,,,,,,,,,125,http://www.wikidata.org/entity/Q1469949,,learningResourceType,,,
,LRE Learning Resource Types (European Schoolnet Vocabulary),"Dieses Vokabular liefert Werte, die die Art(en) des Lernobjekts oder die potenzielle(n) pädagogische(n) Verwendung(en) des Lernobjekts angeben. Es gibt zwei Kategorien von Lernobjekten: Lernressourcen und Lernobjekte. Ein „Lernobjekt“ ist ein einfaches atomares Objekt (z. B. ein Bild, eine Audio- oder eine Videodatei), während eine „Lernressource“ ein ausführlicheres Lernmaterial wie ein Kurs oder ein Unterrichtsplan ist. Lernmittel und Lernressourcen unterstützen unterschiedliche Phasen der Entwicklung und Bereitstellung von Lerninhalten. Es ist wichtig, keine Vermischung von „Assets“ und „Lernressourcen“ zuzulassen. Für dieses Element sollten ein oder mehrere Werte ausgewählt werden. Die Elemente sind so geordnet, dass der erste Wert den wichtigsten angibt.","Ressourcentyp, Medientyp",,http://europeanschoolnet-vbe.lexaurus.net/vbe/browse,European Schoolnet Vocabulary Bank for Education,,,,,,,,,,126,http://www.wikidata.org/entity/Q1469950,,learningResourceType,,,
,NSDL Resource Type Values (European Schoolnet Vocabulary),Ausführliche Liste von Ressourcentypen.,"Ressourcentyp, Medientyp",,http://europeanschoolnet-vbe.lexaurus.net/vbe/browse,European Schoolnet Vocabulary Bank for Education,,,,,,,,,,127,http://www.wikidata.org/entity/Q1469951,,learningResourceType,,,
,Barrierefreie-Informationstechnik-Verordnung 2.0 (BITV) ,"Portal zur Barrierefreie-Informationstechnik-Verordnung (BITV 2.0), das verschiedene relevante Listen und Begriffe enthält.",Barrierearmut,2011,https://web.archive.org/web/20240303113437/https://www.barrierefreiheit-dienstekonsolidierung.bund.de/Webs/PB/DE/gesetze-und-richtlinien/bitv2-0/bitv2-0-node.html,Bundesregierung,,,,,,,,,,128,http://www.wikidata.org/entity/Q1469952,,,BRD,,
,Web Content Accessibility Guidelines 2.1,Liste relevanter Begriffe im Kontext von Barrierefreiheit.,Barrierearmut,,https://www.w3.org/TR/WCAG21/,W3C,,,,,,,,,,129,http://www.wikidata.org/entity/Q1469953,,,(Kirkpatrick et al. 2023),,
,Web Content Accessibility Guidelines 3.0,Liste relevanter Begriffe im Kontext von Barrierefreiheit.,Barrierearmut,,https://www.w3.org/TR/wcag-3.0/,W3C,,,,,,,,,,130,http://www.wikidata.org/entity/Q1469954,,,,,
,EUN SEN Access Mode Values,"Dieses Vokabular beschreibt das menschliche sensorische Wahrnehmungssystem oder das kognitive Vermögen, durch das eine Person Informationen verarbeiten oder wahrnehmen kann.",Barrierearmut,,http://europeanschoolnet-vbe.lexaurus.net/vbe/browse,European Schoolnet Vocabulary Bank for Education,,,,,,,,,,131,http://www.wikidata.org/entity/Q1469955,,,,,
,Barrierefreiheitssiegel,Liste von Barrierefreiheitssiegeln. Entstanden im Kontext des OpenEduHub.,Barrierearmut,,http://w3id.org/openeduhub/vocabs/accessibilitySummary/,WirLernenOnline,,,,,,,,,,132,http://www.wikidata.org/entity/Q1469956,,,,,
,Schema.org Accessibility Properties for Discoverability Vocabulary,Vokabular zur Abbildung von Accesiblity Eigenschaften.,Barrierearmut,,https://www.w3.org/community/reports/a11y-discov-vocab/CG-FINAL-vocabulary-20241209/#accessibilityFeature-vocabulary,W3C,,,,,,,,,,133,http://www.wikidata.org/entity/Q1469957,,,,,
,Zugänglichkeitsformat,,Barrierearmut,"02/2024, v12",https://ceds.ed.gov/elements.aspx,Common Education Data Standards,,,,,,,,,,134,http://www.wikidata.org/entity/Q1469958,finde die Zugänglichkeitsformate nicht,,Common Education Data Standards,,
,Anpassungsarten,Anpassungsarten der PBS Lernplattform.,Barrierearmut,,https://www.pbslearningmedia.org/search/,PBS Learning Media,,,,,,,,,,135,http://www.wikidata.org/entity/Q1469959,,,PBSLearningMedia ,,
,AccessibleOCW Ontology,"OpenCourseWare (OCW) systems have been established to provide open educational resources that are accessible by anyone, including learners with special accessibility needs and preferences. We need to find a formal and interoperable way to describe these preferences in order to use them in OCW systems and retrieve relevant educational resources. This formal representation should use standard accessibility definitions of OCW that can be reused by other OCW systems to represent accessibility concepts. In this article, we present an ontology to represent the accessibility needs of learners with respect to the IMS AfA specifications. The ontology definitions together with rule-based queries are used to retrieve relevant educational resources. Related to this, we developed a user interface component that enables users to create accessibility profiles representing their individual needs and preferences based on our ontology. We evaluated the approach with five examples profiles.",Barrierearmut,2018-11-29,https://doi.org/10.3390/info9120302,"Mirette Elias, Steffen Lohmann Sören Auer",,,,,,,,,,136,http://www.wikidata.org/entity/Q1469960,,,,,
,interactivity Type,,Lehr-/Lernform (Interaktivitätstyp),,,,,,,,,,,,,137,http://www.wikidata.org/entity/Q1469961,,,LRMI,,
,Lernmodus ,Vorwiegender Lernmodus.,Lehr-/Lernform (Interaktivitätstyp),,http://w3id.org/openeduhub/vocabs/learningMode/,WirLernenOnline,,,,,,,,,,138,http://www.wikidata.org/entity/Q1469962,,,,,
,Taxonomie von Interaktivität,"Taxonomien von Interaktivität, bspw. eine sechsstufige Differenzierung des Interaktivitätsniveaus nach Schulmeister, 2002:",Lehr-/Lernform (Interaktivitätstyp),2002-04,http://rolf.schulmeister.com/pdfs/interaktivitaet.pdf,Rolf Schumeister,,,,,,,,,,139,http://www.wikidata.org/entity/Q1469963,,,,,
,Learning Resource Interaction Mode,,Lehr-/Lernform (Interaktivitätstyp),,,,,,,,,,,,,140,http://www.wikidata.org/entity/Q1469964,,,Common Education Data Standards,,
,Medieneigenschaften,Medieneigenschaften einer Ressource.,Lehr-/Lernform (Interaktivitätstyp),,https://web.archive.org/web/20230929165323/https://www.e-teaching.org/community/digital-learning-map/faq#characteristics,e-teaching.org,,,,,,,,,,141,http://www.wikidata.org/entity/Q1469965,,,,,
,Lehraktionsform  (Rolle der Lehrenden),,Lehr-/Lernform (Interaktivitätstyp),,,,,,,,,,,,,142,http://www.wikidata.org/entity/Q1469966,,,,,
,Organisationsform,,Lehr-/Lernform (Interaktivitätstyp),,https://digitaledu.ro/activitati-de-invatare-digitala/,digital.edu,,,,,,,,,,143,http://www.wikidata.org/entity/Q1469967,rumänisch?,,Digitaledu,,
,sind alles keine maschinenlesbaren Werte,,"Lehrformat, Veranstaltungsformat, Lehrmodus",,,,,,,,,,,,,144,http://www.wikidata.org/entity/Q1469968,,,,,
,EU - Lizenz,Verzeichnis von Lizenzen der Europäischen Union.,Lizenzen,,https://op.europa.eu/en/web/eu-vocabularies/concept-scheme/-/resource?uri=http://publications.europa.eu/resource/authority/licence,Europäische Union,,,,,,,,,,145,http://www.wikidata.org/entity/Q1469969,,license,,,
,DCAT-AP,"Liste der Lizenzen, die im Feld dct:license einer DCAT-AP.de-konformen dcat:distribution für die Zulieferung an GovData erlaubt sind. GovData empfiehlt die Verwendung der Datenlizenz Deutschland 2.0 (Zero oder Namensnennung) sowie der Creative Commons Namensnennung – 4.0 International. Soweit dies nicht möglich sein sollte, wird die Verwendung einer der übrigen zur „freien Nutzung“ ausgewiesenen Lizenzen in der jeweils neuesten Version empfohlen.",Lizenzen,,https://www.dcat-ap.de/def/licenses/,Föderale IT-Kooperation,,,,,,,,,,146,http://www.wikidata.org/entity/Q1469970,,license,,,
,SPDX License List,"Die SPDX-Lizenzliste ist ein integraler Bestandteil der SPDX-Spezifikation. Die SPDX-Lizenzliste selbst ist eine Liste von häufig vorkommenden Lizenzen und Ausnahmen, die in freier und offener oder gemeinschaftlicher Software, Daten, Hardware oder Dokumentation verwendet werden. Die SPDX-Lizenzliste enthält einen standardisierten Kurzbezeichner, den vollständigen Namen, den Lizenztext und eine kanonische permanente URL für jede Lizenz und Ausnahme. ",Lizenzen,,https://spdx.org/licenses/,SPDX Workgroup,,https://github.com/spdx/license-list-data,,,,,,,,147,http://www.wikidata.org/entity/Q1469971,,license,,,
,Portfolio Standard Lizenzen,Liste von Lizenzen.,Lizenzen,,http://base.uni-ak.ac.at/portfolio/licenses/core,Universität für angewandte Kunst Wien,,,,,,,,,,148,http://www.wikidata.org/entity/Q1469972,,license,,,
,Aggregationslevel,"Eine Wertelliste für Einordnungen in Unterrichtsplanung, entstanden im Kontext des OpenEduHub. Erweiterung von LOMv1.0",Granularität,,http://w3id.org/openeduhub/vocabs/aggregationLevel/,WirLernenOnline,,,,,,,,,,149,http://www.wikidata.org/entity/Q1469973,,aggregationLevel,,,